フシギダネ,くさ,どく,45,49,49,65,65,45
フシギソウ,くさ,どく,60,62,63,80,80,60
フシギバナ,くさ,どく,80,82,83,100,100,80
ヒトカゲ,ほのお,なし,39,52,43,60,50,65
リザード,ほのお,なし,58,64,58,80,65,80
リザードン,ほのお,ひこう,78,84,78,109,85,100
ゼニガメ,みず,なし,44,48,65,50,64,43
カメール,みず,なし,59,63,80,65,80,58
カメックス,みず,なし,79,83,100,85,105,78
キャタピー,むし,なし,45,30,35,20,20,45
トランセル,むし,なし,50,20,55,25,25,30
バタフリー,むし,ひこう,60,45,50,90,80,70
ビードル,むし,どく,40,35,30,20,20,50
コクーン,むし,どく,45,25,50,25,25,35
スピアー,むし,どく,65,90,40,45,80,75
ポッポ,ノーマル,ひこう,40,45,40,35,35,56
ピジョン,ノーマル,ひこう,63,60,55,50,50,71
ピジョット,ノーマル,ひこう,83,80,75,70,70,101
コラッタ (通常),ノーマル,なし,30,56,35,25,35,72
ラッタ (通常),ノーマル,なし,55,81,60,50,70,97
オニスズメ,ノーマル,ひこう,40,60,30,31,31,70
オニドリル,ノーマル,ひこう,65,90,65,61,61,100
アーボ,どく,なし,35,60,44,40,54,55
アーボック,どく,なし,60,95,69,65,79,80
ピカチュウ,でんき,なし,35,55,40,50,50,90
ライチュウ (通常),でんき,なし,60,90,55,90,80,110
サンド (通常),じめん,なし,50,75,85,20,30,40
サンドパン (通常),じめん,なし,75,100,110,45,55,65
ニドラン♀,どく,なし,55,47,52,40,40,41
ニドリーナ,どく,なし,70,62,67,55,55,56
ニドクイン,どく,じめん,90,92,87,75,85,76
ニドラン♂,どく,なし,46,57,40,40,40,50
ニドリーノ,どく,なし,61,72,57,55,55,65
ニドキング,どく,じめん,81,102,77,85,75,85
ピッピ,フェアリー,なし,70,45,48,60,65,35
ピクシー,フェアリー,なし,95,70,73,95,90,60
ロコン (通常),ほのお,なし,38,41,40,50,65,65
キュウコン (通常),ほのお,なし,73,76,75,81,100,100
プリン,ノーマル,フェアリー,115,45,20,45,25,20
プクリン,ノーマル,フェアリー,140,70,45,85,50,45
ズバット,どく,ひこう,40,45,35,30,40,55
ゴルバット,どく,ひこう,75,80,70,65,75,90
ナゾノクサ,くさ,どく,45,50,55,75,65,30
クサイハナ,くさ,どく,60,65,70,85,75,40
ラフレシア,くさ,どく,75,80,85,110,90,50
パラス,むし,くさ,35,70,55,45,55,25
パラセクト,むし,くさ,60,95,80,60,80,30
コンパン,むし,どく,60,55,50,40,55,45
モルフォン,むし,どく,70,65,60,90,75,90
ディグダ (通常),じめん,なし,10,55,25,35,45,95
ダグトリオ (通常),じめん,なし,35,100,50,50,70,120
ニャース (通常),ノーマル,なし,40,45,35,40,40,90
ペルシアン (通常),ノーマル,なし,65,70,60,65,65,115
コダック,みず,なし,50,52,48,65,50,55
ゴルダック,みず,なし,80,82,78,95,80,85
マンキー,かくとう,なし,40,80,35,35,45,70
オコリザル,かくとう,なし,65,105,60,60,70,95
ガーディ,ほのお,なし,55,70,45,70,50,60
ウインディ,ほのお,なし,90,110,80,100,80,95
ニョロモ,みず,なし,40,50,40,40,40,90
ニョロゾ,みず,なし,65,65,65,50,50,90
ニョロボン,みず,かくとう,90,95,95,70,90,70
ケーシィ,エスパー,なし,25,20,15,105,55,90
ユンゲラー,エスパー,なし,40,35,30,120,70,105
フーディン,エスパー,なし,55,50,45,135,95,120
ワンリキー,かくとう,なし,70,80,50,35,35,35
ゴーリキー,かくとう,なし,80,100,70,50,60,45
カイリキー,かくとう,なし,90,130,80,65,85,55
マダツボミ,くさ,どく,50,75,35,70,30,40
ウツドン,くさ,どく,65,90,50,85,45,55
ウツボット,くさ,どく,80,105,65,100,70,70
メノクラゲ,みず,どく,40,40,35,50,100,70
ドククラゲ,みず,どく,80,70,65,80,120,100
イシツブテ (通常),いわ,じめん,40,80,100,30,30,20
ゴローン (通常),いわ,じめん,55,95,115,45,45,35
ゴローニャ (通常),いわ,じめん,80,120,130,55,65,45
ポニータ,ほのお,なし,50,85,55,65,65,90
ギャロップ,ほのお,なし,65,100,70,80,80,105
ヤドン,みず,エスパー,90,65,65,40,40,15
ヤドラン,みず,エスパー,95,75,110,100,80,30
コイル,でんき,はがね,25,35,70,95,55,45
レアコイル,でんき,はがね,50,60,95,120,70,70
カモネギ,ノーマル,ひこう,52,90,55,58,62,60
ドードー,ノーマル,ひこう,35,85,45,35,35,75
ドードリオ,ノーマル,ひこう,60,110,70,60,60,110
パウワウ,みず,なし,65,45,55,45,70,45
ジュゴン,みず,こおり,90,70,80,70,95,70
ベトベター (通常),どく,なし,80,80,50,40,50,25
ベトベトン (通常),どく,なし,105,105,75,65,100,50
シェルダー,みず,なし,30,65,100,45,25,40
パルシェン,みず,こおり,50,95,180,85,45,70
ゴース,ゴースト,どく,30,35,30,100,35,80
ゴースト,ゴースト,どく,45,50,45,115,55,95
ゲンガー,ゴースト,どく,60,65,60,130,75,110
イワーク,いわ,じめん,35,45,160,30,45,70
スリープ,エスパー,なし,60,48,45,43,90,42
スリーパー,エスパー,なし,85,73,70,73,115,67
クラブ,みず,なし,30,105,90,25,25,50
キングラー,みず,なし,55,130,115,50,50,75
ビリリダマ,でんき,なし,40,30,50,55,55,100
マルマイン,でんき,なし,60,50,70,80,80,150
タマタマ,くさ,エスパー,60,40,80,60,45,40
ナッシー (通常),くさ,エスパー,95,95,85,125,75,55
カラカラ,じめん,なし,50,50,95,40,50,35
ガラガラ (通常),じめん,なし,60,80,110,50,80,45
サワムラー,かくとう,なし,50,120,53,35,110,87
エビワラー,かくとう,なし,50,105,79,35,110,76
ベロリンガ,ノーマル,なし,90,55,75,60,75,30
ドガース,どく,なし,40,65,95,60,45,35
マタドガス,どく,なし,65,90,120,85,70,60
サイホーン,じめん,いわ,80,85,95,30,30,25
サイドン,じめん,いわ,105,130,120,45,45,40
ラッキー,ノーマル,なし,250,5,5,35,105,50
モンジャラ,くさ,なし,65,55,115,100,40,60
ガルーラ,ノーマル,なし,105,95,80,40,80,90
タッツー,みず,なし,30,40,70,70,25,60
シードラ,みず,なし,55,65,95,95,45,85
トサキント,みず,なし,45,67,60,35,50,63
アズマオウ,みず,なし,80,92,65,65,80,68
ヒトデマン,みず,なし,30,45,55,70,55,85
スターミー,みず,エスパー,60,75,85,100,85,115
バリヤード,エスパー,フェアリー,40,45,65,100,120,90
ストライク,むし,ひこう,70,110,80,55,80,105
ルージュラ,こおり,エスパー,65,50,35,115,95,95
エレブー,でんき,なし,65,83,57,95,85,105
ブーバー,ほのお,なし,65,95,57,100,85,93
カイロス,むし,なし,65,125,100,55,70,85
ケンタロス,ノーマル,なし,75,100,95,40,70,110
コイキング,みず,なし,20,10,55,15,20,80
ギャラドス,みず,ひこう,95,125,79,60,100,81
ラプラス,みず,こおり,130,85,80,85,95,60
メタモン,ノーマル,なし,48,48,48,48,48,48
イーブイ,ノーマル,なし,55,55,50,45,65,55
シャワーズ,みず,なし,130,65,60,110,95,65
サンダース,でんき,なし,65,65,60,110,95,130
ブースター,ほのお,なし,65,130,60,95,110,65
ポリゴン,ノーマル,なし,65,60,70,85,75,40
オムナイト,いわ,みず,35,40,100,90,55,35
オムスター,いわ,みず,70,60,125,115,70,55
カブト,いわ,みず,30,80,90,55,45,55
カブトプス,いわ,みず,60,115,105,65,70,80
プテラ,いわ,ひこう,80,105,65,60,75,130
カビゴン,ノーマル,なし,160,110,65,65,110,30
フリーザー,こおり,ひこう,90,85,100,95,125,85
サンダー,でんき,ひこう,90,90,85,125,90,100
ファイヤー,ほのお,ひこう,90,100,90,125,85,90
ミニリュウ,ドラゴン,なし,41,64,45,50,50,50
ハクリュー,ドラゴン,なし,61,84,65,70,70,70
カイリュー,ドラゴン,ひこう,91,134,95,100,100,80
ミュウツー,エスパー,なし,106,110,90,154,90,130
ミュウ,エスパー,なし,100,100,100,100,100,100
チコリータ,くさ,なし,45,49,65,49,65,45
ベイリーフ,くさ,なし,60,62,80,63,80,60
メガニウム,くさ,なし,80,82,100,83,100,80
ヒノアラシ,ほのお,なし,39,52,43,60,50,65
マグマラシ,ほのお,なし,58,64,58,80,65,80
バクフーン,ほのお,なし,78,84,78,109,85,100
ワニノコ,みず,なし,50,65,64,44,48,43
アリゲイツ,みず,なし,65,80,80,59,63,58
オーダイル,みず,なし,85,105,100,79,83,78
オタチ,ノーマル,なし,35,46,34,35,45,20
オオタチ,ノーマル,なし,85,76,64,45,55,90
ホーホー,ノーマル,ひこう,60,30,30,36,56,50
ヨルノズク,ノーマル,ひこう,100,50,50,86,96,70
レディバ,むし,ひこう,40,20,30,40,80,55
レディアン,むし,ひこう,55,35,50,55,110,85
イトマル,むし,どく,40,60,40,40,40,30
アリアドス,むし,どく,70,90,70,60,70,40
クロバット,どく,ひこう,85,90,80,70,80,130
チョンチー,みず,でんき,75,38,38,56,56,67
ランターン,みず,でんき,125,58,58,76,76,67
ピチュー,でんき,なし,20,40,15,35,35,60
ピィ,フェアリー,なし,50,25,28,45,55,15
ププリン,ノーマル,フェアリー,90,30,15,40,20,15
トゲピー,フェアリー,なし,35,20,65,40,65,20
トゲチック,フェアリー,ひこう,55,40,85,80,105,40
ネイティ,エスパー,ひこう,40,50,45,70,45,70
ネイティオ,エスパー,ひこう,65,75,70,95,70,95
メリープ,でんき,なし,55,40,40,65,45,35
モココ,でんき,なし,70,55,55,80,60,45
デンリュウ,でんき,なし,90,75,85,115,90,55
キレイハナ,くさ,なし,75,80,95,90,100,50
マリル,みず,フェアリー,70,20,50,20,50,40
マリルリ,みず,フェアリー,100,50,80,60,80,50
ウソッキー,いわ,なし,70,100,115,30,65,30
ニョロトノ,みず,なし,90,75,75,90,100,70
ハネッコ,くさ,ひこう,35,35,40,35,55,50
ポポッコ,くさ,ひこう,55,45,50,45,65,80
ワタッコ,くさ,ひこう,75,55,70,55,95,110
エイパム,ノーマル,なし,55,70,55,40,55,85
ヒマナッツ,くさ,なし,30,30,30,30,30,30
キマワリ,くさ,なし,75,75,55,105,85,30
ヤンヤンマ,むし,ひこう,65,65,45,75,45,95
ウパー,みず,じめん,55,45,45,25,25,15
ヌオー,みず,じめん,95,85,85,65,65,35
エーフィ,エスパー,なし,65,65,60,130,95,110
ブラッキー,あく,なし,95,65,110,60,130,65
ヤミカラス,あく,ひこう,60,85,42,85,42,91
ヤドキング,みず,エスパー,95,75,80,100,110,30
ムウマ,ゴースト,なし,60,60,60,85,85,85
アンノーン,エスパー,なし,48,72,48,72,48,48
ソーナンス,エスパー,なし,190,33,58,33,58,33
キリンリキ,ノーマル,エスパー,70,80,65,90,65,85
クヌギダマ,むし,なし,50,65,90,35,35,15
フォレトス,むし,はがね,75,90,140,60,60,40
ノコッチ,ノーマル,なし,100,70,70,65,65,45
グライガー,じめん,ひこう,65,75,105,35,65,85
ハガネール,はがね,じめん,75,85,200,55,65,30
ブルー,フェアリー,なし,60,80,50,40,40,30
グランブル,フェアリー,なし,90,120,75,60,60,45
ハリーセン,みず,どく,65,95,85,55,55,85
ハッサム,むし,はがね,70,130,100,55,80,65
ツボツボ,むし,いわ,20,10,230,10,230,5
ヘラクロス,むし,かくとう,80,125,75,40,95,85
ニューラ,あく,こおり,55,95,55,35,75,115
ヒメグマ,ノーマル,なし,60,80,50,50,50,40
リングマ,ノーマル,なし,90,130,75,75,75,55
マグマッグ,ほのお,なし,40,40,40,70,40,20
マグカルゴ,ほのお,いわ,60,50,120,90,80,30
ウリムー,こおり,じめん,50,50,40,30,30,50
イノムー,こおり,じめん,100,100,80,60,60,50
サニーゴ,みず,いわ,65,55,95,65,95,35
テッポウオ,みず,なし,35,65,35,65,35,65
オクタン,みず,なし,75,105,75,105,75,45
デリバード,こおり,ひこう,45,55,45,65,45,75
マンタイン,みず,ひこう,85,40,70,80,140,70
エアームド,はがね,ひこう,65,80,140,40,70,70
デルビル,あく,ほのお,45,60,30,80,50,65
ヘルガー,あく,ほのお,75,90,50,110,80,95
キングドラ,みず,ドラゴン,75,95,95,95,95,85
ゴマゾウ,じめん,なし,90,60,60,40,40,40
ドンファン,じめん,なし,90,120,120,60,60,50
ポリゴン2,ノーマル,なし,85,80,90,105,95,60
オドシシ,ノーマル,なし,73,95,62,85,65,85
ドーブル,ノーマル,なし,55,20,35,20,45,75
バルキー,かくとう,なし,35,35,35,35,35,35
カポエラー,かくとう,なし,50,95,95,35,110,70
ムチュール,こおり,エスパー,45,30,15,85,65,65
エレキッド,でんき,なし,45,63,37,65,55,95
ブビィ,ほのお,なし,45,75,37,70,55,83
ミルタンク,ノーマル,なし,95,80,105,40,70,100
ハピナス,ノーマル,なし,255,10,10,75,135,55
ライコウ,でんき,なし,90,85,75,115,100,115
エンテイ,ほのお,なし,115,115,85,90,75,100
スイクン,みず,なし,100,75,115,90,115,85
ヨーギラス,いわ,じめん,50,64,50,45,50,41
サナギラス,いわ,じめん,70,84,70,65,70,51
バンギラス,いわ,あく,100,134,110,95,100,61
ルギア,エスパー,ひこう,106,90,130,90,154,110
ホウオウ,ほのお,ひこう,106,130,90,110,154,90
セレビィ,エスパー,くさ,100,100,100,100,100,100
キモリ,くさ,なし,40,45,35,65,55,70
ジュプトル,くさ,なし,50,65,45,85,65,95
ジュカイン,くさ,なし,70,85,65,105,85,120
アチャモ,ほのお,なし,45,60,40,70,50,45
ワカシャモ,ほのお,かくとう,60,85,60,85,60,55
バシャーモ,ほのお,かくとう,80,120,70,110,70,80
ミズゴロウ,みず,なし,50,70,50,50,50,40
ヌマクロー,みず,じめん,70,85,70,60,70,50
ラグラージ,みず,じめん,100,110,90,85,90,60
ポチエナ,あく,なし,35,55,35,30,30,35
グラエナ,あく,なし,70,90,70,60,60,70
ジグザグマ,ノーマル,なし,38,30,41,30,41,60
マッスグマ,ノーマル,なし,78,70,61,50,61,100
ケムッソ,むし,なし,45,45,35,20,30,20
カラサリス,むし,なし,50,35,55,25,25,15
アゲハント,むし,ひこう,60,70,50,100,50,65
マユルド,むし,なし,50,35,55,25,25,15
ドクケイル,むし,どく,60,50,70,50,90,65
ハスボー,みず,くさ,40,30,30,40,50,30
ハスブレロ,みず,くさ,60,50,50,60,70,50
ルンパッパ,みず,くさ,80,70,70,90,100,70
タネボー,くさ,なし,40,40,50,30,30,30
コノハナ,くさ,あく,70,70,40,60,40,60
ダーテング,くさ,あく,90,100,60,90,60,80
スバメ,ノーマル,ひこう,40,55,30,30,30,85
オオスバメ,ノーマル,ひこう,60,85,60,75,50,125
キャモメ,みず,ひこう,40,30,30,55,30,85
ペリッパー,みず,ひこう,60,50,100,95,70,65
ラルトス,エスパー,フェアリー,28,25,25,45,35,40
キルリア,エスパー,フェアリー,38,35,35,65,55,50
サーナイト,エスパー,フェアリー,68,65,65,125,115,80
アメタマ,むし,みず,40,30,32,50,52,65
アメモース,むし,ひこう,70,60,62,100,82,80
キノココ,くさ,なし,60,40,60,40,60,35
キノガッサ,くさ,かくとう,60,130,80,60,60,70
ナマケロ,ノーマル,なし,60,60,60,35,35,30
ヤルキモノ,ノーマル,なし,80,80,80,55,55,90
ケッキング,ノーマル,なし,150,160,100,95,65,100
ツチニン,むし,じめん,31,45,90,30,30,40
テッカニン,むし,ひこう,61,90,45,50,50,160
ヌケニン,むし,ゴースト,1,90,45,30,30,40
ゴニョニョ,ノーマル,なし,64,51,23,51,23,28
ドゴーム,ノーマル,なし,84,71,43,71,43,48
バクオング,ノーマル,なし,104,91,63,91,73,68
マクノシタ,かくとう,なし,72,60,30,20,30,25
ハリテヤマ,かくとう,なし,144,120,60,40,60,50
ルリリ,ノーマル,フェアリー,50,20,40,20,40,20
ノズパス,いわ,なし,30,45,135,45,90,30
エネコ,ノーマル,なし,50,45,45,35,35,50
エネコロロ,ノーマル,なし,70,65,65,55,55,90
ヤミラミ,あく,ゴースト,50,75,75,65,65,50
クチート,はがね,フェアリー,50,85,85,55,55,50
ココドラ,はがね,いわ,50,70,100,40,40,30
コドラ,はがね,いわ,60,90,140,50,50,40
ボスゴドラ,はがね,いわ,70,110,180,60,60,50
アサナン,かくとう,エスパー,30,40,55,40,55,60
チャーレム,かくとう,エスパー,60,60,75,60,75,80
ラクライ,でんき,なし,40,45,40,65,40,65
ライボルト,でんき,なし,70,75,60,105,60,105
プラスル,でんき,なし,60,50,40,85,75,95
マイナン,でんき,なし,60,40,50,75,85,95
バルビート,むし,なし,65,73,75,47,85,85
イルミーゼ,むし,なし,65,47,75,73,85,85
ロゼリア,くさ,どく,50,60,45,100,80,65
ゴクリン,どく,なし,70,43,53,43,53,40
マルノーム,どく,なし,100,73,83,73,83,55
キバニア,みず,あく,45,90,20,65,20,65
サメハダー,みず,あく,70,120,40,95,40,95
ホエルコ,みず,なし,130,70,35,70,35,60
ホエルオー,みず,なし,170,90,45,90,45,60
ドンメル,ほのお,じめん,60,60,40,65,45,35
バクーダ,ほのお,じめん,70,100,70,105,75,40
コータス,ほのお,なし,70,85,140,85,70,20
バネブー,エスパー,なし,60,25,35,70,80,60
ブーピッグ,エスパー,なし,80,45,65,90,110,80
パッチール,ノーマル,なし,60,60,60,60,60,60
ナックラー,じめん,なし,45,100,45,45,45,10
ビブラーバ,じめん,ドラゴン,50,70,50,50,50,70
フライゴン,じめん,ドラゴン,80,100,80,80,80,100
サボネア,くさ,なし,50,85,40,85,40,35
ノクタス,くさ,あく,70,115,60,115,60,55
チルット,ノーマル,ひこう,45,40,60,40,75,50
チルタリス,ドラゴン,ひこう,75,70,90,70,105,80
ザングース,ノーマル,なし,73,115,60,60,60,90
ハブネーク,どく,なし,73,100,60,100,60,65
ルナトーン,いわ,エスパー,90,55,65,95,85,70
ソルロック,いわ,エスパー,90,95,85,55,65,70
ドジョッチ,みず,じめん,50,48,43,46,41,60
ナマズン,みず,じめん,110,78,73,76,71,60
ヘイガニ,みず,なし,43,80,65,50,35,35
シザリガー,みず,あく,63,120,85,90,55,55
ヤジロン,じめん,エスパー,40,40,55,40,70,55
ネンドール,じめん,エスパー,60,70,105,70,120,75
リリーラ,いわ,くさ,66,41,77,61,87,23
ユレイドル,いわ,くさ,86,81,97,81,107,43
アノプス,いわ,むし,45,95,50,40,50,75
アーマルド,いわ,むし,75,125,100,70,80,45
ヒンバス,みず,なし,20,15,20,10,55,80
ミロカロス,みず,なし,95,60,79,100,125,81
ポワルン,ノーマル,なし,70,70,70,70,70,70
カクレオン,ノーマル,なし,60,90,70,60,120,40
カゲボウズ,ゴースト,なし,44,75,35,63,33,45
ジュペッタ,ゴースト,なし,64,115,65,83,63,65
ヨマワル,ゴースト,なし,20,40,90,30,90,25
サマヨール,ゴースト,なし,40,70,130,60,130,25
トロピウス,くさ,ひこう,99,68,83,72,87,51
チリーン,エスパー,なし,75,50,80,95,90,65
アブソル,あく,なし,65,130,60,75,60,75
ソーナノ,エスパー,なし,95,23,48,23,48,23
ユキワラシ,こおり,なし,50,50,50,50,50,50
オニゴーリ,こおり,なし,80,80,80,80,80,80
タマザラシ,こおり,みず,70,40,50,55,50,25
トドグラー,こおり,みず,90,60,70,75,70,45
トドゼルガ,こおり,みず,110,80,90,95,90,65
パールル,みず,なし,35,64,85,74,55,32
ハンテール,みず,なし,55,104,105,94,75,52
サクラビス,みず,なし,55,84,105,114,75,52
ジーランス,みず,いわ,100,90,130,45,65,55
ラブカス,みず,なし,43,30,55,40,65,97
タツベイ,ドラゴン,なし,45,75,60,40,30,50
コモルー,ドラゴン,なし,65,95,100,60,50,50
ボーマンダ,ドラゴン,ひこう,95,135,80,110,80,100
ダンバル,はがね,エスパー,40,55,80,35,60,30
メタング,はがね,エスパー,60,75,100,55,80,50
メタグロス,はがね,エスパー,80,135,130,95,90,70
レジロック,いわ,なし,80,100,200,50,100,50
レジアイス,こおり,なし,80,50,100,100,200,50
レジスチル,はがね,なし,80,75,150,75,150,50
ラティアス,ドラゴン,エスパー,80,80,90,110,130,110
ラティオス,ドラゴン,エスパー,80,90,80,130,110,110
カイオーガ,みず,なし,100,100,90,150,140,90
グラードン,じめん,なし,100,150,140,100,90,90
レックウザ,ドラゴン,ひこう,105,150,90,150,90,95
ジラーチ,はがね,エスパー,100,100,100,100,100,100
デオキシス (ノーマルフォルム),エスパー,なし,50,150,50,150,50,150
ナエトル,くさ,なし,55,68,64,45,55,31
ハヤシガメ,くさ,なし,75,89,85,55,65,36
ドダイトス,くさ,じめん,95,109,105,75,85,56
ヒコザル,ほのお,なし,44,58,44,58,44,61
モウカザル,ほのお,かくとう,64,78,52,78,52,81
ゴウカザル,ほのお,かくとう,76,104,71,104,71,108
ポッチャマ,みず,なし,53,51,53,61,56,40
ポッタイシ,みず,なし,64,66,68,81,76,50
エンペルト,みず,はがね,84,86,88,111,101,60
ムックル,ノーマル,ひこう,40,55,30,30,30,60
ムクバード,ノーマル,ひこう,55,75,50,40,40,80
ムクホーク,ノーマル,ひこう,85,120,70,50,60,100
ビッパ,ノーマル,なし,59,45,40,35,40,31
ビーダル,ノーマル,みず,79,85,60,55,60,71
コロボーシ,むし,なし,37,25,41,25,41,25
コロトック,むし,なし,77,85,51,55,51,65
コリンク,でんき,なし,45,65,34,40,34,45
ルクシオ,でんき,なし,60,85,49,60,49,60
レントラー,でんき,なし,80,120,79,95,79,70
スボミー,くさ,どく,40,30,35,50,70,55
ロズレイド,くさ,どく,60,70,65,125,105,90
ズガイドス,いわ,なし,67,125,40,30,30,58
ラムパルド,いわ,なし,97,165,60,65,50,58
タテトプス,いわ,はがね,30,42,118,42,88,30
トリデプス,いわ,はがね,60,52,168,47,138,30
ミノムッチ,むし,なし,40,29,45,29,45,36
ミノマダム (くさきのミノ),むし,くさ,60,59,85,79,105,36
ガーメイル,むし,ひこう,70,94,50,94,50,66
ミツハニー,むし,ひこう,30,30,42,30,42,70
ビークイン,むし,ひこう,70,80,102,80,102,40
パチリス,でんき,なし,60,45,70,45,90,95
ブイゼル,みず,なし,55,65,35,60,30,85
フローゼル,みず,なし,85,105,55,85,50,115
チェリンボ,くさ,なし,45,35,45,62,53,35
チェリム,くさ,なし,70,60,70,87,78,85
カラナクシ,みず,なし,76,48,48,57,62,34
トリトドン,みず,じめん,111,83,68,92,82,39
エテボース,ノーマル,なし,75,100,66,60,66,115
フワンテ,ゴースト,ひこう,90,50,34,60,44,70
フワライド,ゴースト,ひこう,150,80,44,90,54,80
ミミロル,ノーマル,なし,55,66,44,44,56,85
ミミロップ,ノーマル,なし,65,76,84,54,96,105
ムウマージ,ゴースト,なし,60,60,60,105,105,105
ドンカラス,あく,ひこう,100,125,52,105,52,71
ニャルマー,ノーマル,なし,49,55,42,42,37,85
ブニャット,ノーマル,なし,71,82,64,64,59,112
リーシャン,エスパー,なし,45,30,50,65,50,45
スカンプー,どく,あく,63,63,47,41,41,74
スカタンク,どく,あく,103,93,67,71,61,84
ドーミラー,はがね,エスパー,57,24,86,24,86,23
ドータクン,はがね,エスパー,67,89,116,79,116,33
ウソハチ,いわ,なし,50,80,95,10,45,10
マネネ,エスパー,フェアリー,20,25,45,70,90,60
ピンプク,ノーマル,なし,100,5,5,15,65,30
ペラップ,ノーマル,ひこう,76,65,45,92,42,91
ミカルゲ,ゴースト,あく,50,92,108,92,108,35
フカマル,ドラゴン,じめん,58,70,45,40,45,42
ガバイト,ドラゴン,じめん,68,90,65,50,55,82
ガブリアス,ドラゴン,じめん,108,130,95,80,85,102
ゴンベ,ノーマル,なし,135,85,40,40,85,5
リオル,かくとう,なし,40,70,40,35,40,60
ルカリオ,かくとう,はがね,70,110,70,115,70,90
ヒポポタス,じめん,なし,68,72,78,38,42,32
カバルドン,じめん,なし,108,112,118,68,72,47
スコルピ,どく,むし,40,50,90,30,55,65
ドラピオン,どく,あく,70,90,110,60,75,95
グレッグル,どく,かくとう,48,61,40,61,40,50
ドクロッグ,どく,かくとう,83,106,65,86,65,85
マスキッパ,くさ,なし,74,100,72,90,72,46
ケイコウオ,みず,なし,49,49,56,49,61,66
ネオラント,みず,なし,69,69,76,69,86,91
タマンタ,みず,ひこう,45,20,50,60,120,50
ユキカブリ,くさ,こおり,60,62,50,62,60,40
ユキノオー,くさ,こおり,90,92,75,92,85,60
マニューラ,あく,こおり,70,120,65,45,85,125
ジバコイル,でんき,はがね,70,70,115,130,90,60
ベロベルト,ノーマル,なし,110,85,95,80,95,50
ドサイドン,じめん,いわ,115,140,130,55,55,40
モジャンボ,くさ,なし,100,100,125,110,50,50
エレキブル,でんき,なし,75,123,67,95,85,95
ブーバーン,ほのお,なし,75,95,67,125,95,83
トゲキッス,フェアリー,ひこう,85,50,95,120,115,80
メガヤンマ,むし,ひこう,86,76,86,116,56,95
リーフィア,くさ,なし,65,110,130,60,65,95
グレイシア,こおり,なし,65,60,110,130,95,65
グライオン,じめん,ひこう,75,95,125,45,75,95
マンムー,こおり,じめん,110,130,80,70,60,80
ポリゴンZ,ノーマル,なし,85,80,70,135,75,90
エルレイド,エスパー,かくとう,68,125,65,65,115,80
ダイノーズ,いわ,はがね,60,55,145,75,150,40
ヨノワール,ゴースト,なし,45,100,135,65,135,45
ユキメノコ,こおり,ゴースト,70,80,70,80,70,110
ロトム (基本),でんき,ゴースト,50,50,77,95,77,91
ユクシー,エスパー,なし,75,75,130,75,130,95
エムリット,エスパー,なし,80,105,105,105,105,80
アグノム,エスパー,なし,75,125,70,125,70,115
ディアルガ,はがね,ドラゴン,100,120,120,150,100,90
パルキア,みず,ドラゴン,90,120,100,150,120,100
ヒードラン,ほのお,はがね,91,90,106,130,106,77
レジギガス,ノーマル,なし,110,160,110,80,110,100
ギラティナ (アナザーフォルム),ゴースト,ドラゴン,150,100,120,100,120,90
クレセリア,エスパー,なし,120,70,120,75,130,85
フィオネ,みず,なし,80,80,80,80,80,80
マナフィ,みず,なし,100,100,100,100,100,100
ダークライ,あく,なし,70,90,90,135,90,125
シェイミ (ランドフォルム),くさ,なし,100,100,100,100,100,100
アルセウス,ノーマル,なし,120,120,120,120,120,120
ビクティニ,エスパー,ほのお,100,100,100,100,100,100
ツタージャ,くさ,なし,45,45,55,45,55,63
ジャノビー,くさ,なし,60,60,75,60,75,83
ジャローダ,くさ,なし,75,75,95,75,95,113
ポカブ,ほのお,なし,65,63,45,45,45,45
チャオブー,ほのお,かくとう,90,93,55,70,55,55
エンブオー,ほのお,かくとう,110,123,65,100,65,65
ミジュマル,みず,なし,55,55,45,63,45,45
フタチマル,みず,なし,75,75,60,83,60,60
ダイケンキ,みず,なし,95,100,85,108,70,70
ミネズミ,ノーマル,なし,45,55,39,35,39,42
ミルホッグ,ノーマル,なし,60,85,69,60,69,77
ヨーテリー,ノーマル,なし,45,60,45,25,45,55
ハーデリア,ノーマル,なし,65,80,65,35,65,60
ムーランド,ノーマル,なし,85,110,90,45,90,80
チョロネコ,あく,なし,41,50,37,50,37,66
レパルダス,あく,なし,64,88,50,88,50,106
ヤナップ,くさ,なし,50,53,48,53,48,64
ヤナッキー,くさ,なし,75,98,63,98,63,101
バオップ,ほのお,なし,50,53,48,53,48,64
バオッキー,ほのお,なし,75,98,63,98,63,101
ヒヤップ,みず,なし,50,53,48,53,48,64
ヒヤッキー,みず,なし,75,98,63,98,63,101
ムンナ,エスパー,なし,76,25,45,67,55,24
ムシャーナ,エスパー,なし,116,55,85,107,95,29
マメパト,ノーマル,ひこう,50,55,50,36,30,43
ハトーボー,ノーマル,ひこう,62,77,62,50,42,65
ケンホロウ,ノーマル,ひこう,80,115,80,65,55,93
シママ,でんき,なし,45,60,32,50,32,76
ゼブライカ,でんき,なし,75,100,63,80,63,116
ダンゴロ,いわ,なし,55,75,85,25,25,15
ガントル,いわ,なし,70,105,105,50,40,20
ギガイアス,いわ,なし,85,135,130,60,80,25
コロモリ,エスパー,ひこう,65,45,43,55,43,72
ココロモリ,エスパー,ひこう,67,57,55,77,55,114
モグリュー,じめん,なし,60,85,40,30,45,68
ドリュウズ,じめん,はがね,110,135,60,50,65,88
タブンネ,ノーマル,なし,103,60,86,60,86,50
ドッコラー,かくとう,なし,75,80,55,25,35,35
ドテッコツ,かくとう,なし,85,105,85,40,50,40
ローブシン,かくとう,なし,105,140,95,55,65,45
オタマロ,みず,なし,50,50,40,50,40,64
ガマガル,みず,じめん,75,65,55,65,55,69
ガマゲロゲ,みず,じめん,105,95,75,85,75,74
ナゲキ,かくとう,なし,120,100,85,30,85,45
ダゲキ,かくとう,なし,75,125,75,30,75,85
クルミル,むし,くさ,45,53,70,40,60,42
クルマユ,むし,くさ,55,63,90,50,80,42
ハハコモリ,むし,くさ,75,103,80,70,80,92
フシデ,むし,どく,30,45,59,30,39,57
ホイーガ,むし,どく,40,55,99,40,79,47
ペンドラー,むし,どく,60,100,89,55,69,112
モンメン,くさ,フェアリー,40,27,60,37,50,66
エルフーン,くさ,フェアリー,60,67,85,77,75,116
チュリネ,くさ,なし,45,35,50,70,50,30
ドレディア,くさ,なし,70,60,75,110,75,90
バスラオ (あかすじ),みず,なし,70,92,65,80,55,98
メグロコ,じめん,あく,50,72,35,35,35,65
ワルビル,じめん,あく,60,82,45,45,45,74
ワルビアル,じめん,あく,95,117,80,65,70,92
ダルマッカ,ほのお,なし,70,90,45,15,45,50
ヒヒダルマ (ノーマルモード),ほのお,なし,105,140,55,30,55,95
マラカッチ,くさ,なし,75,86,67,106,67,60
イシズマイ,むし,いわ,50,65,85,35,35,55
イワパレス,むし,いわ,70,105,125,65,75,45
ズルッグ,あく,かくとう,50,75,70,35,70,48
ズルズキン,あく,かくとう,65,90,115,45,115,58
シンボラー,エスパー,ひこう,72,58,80,103,80,97
デスマス,ゴースト,なし,38,30,85,55,65,30
デスカーン,ゴースト,なし,58,50,145,95,105,30
プロトーガ,みず,いわ,54,78,103,53,45,22
アバゴーラ,みず,いわ,74,108,133,83,65,32
アーケン,いわ,ひこう,55,112,45,74,45,70
アーケオス,いわ,ひこう,75,140,65,112,65,110
ヤブクロン,どく,なし,50,50,62,40,62,65
ダストダス,どく,なし,80,95,82,60,82,75
ゾロア,あく,なし,40,65,40,80,40,65
ゾロアーク,あく,なし,60,105,60,120,60,105
チラーミィ,ノーマル,なし,55,50,40,40,40,75
チラチーノ,ノーマル,なし,75,95,60,65,60,115
ゴチム,エスパー,なし,45,30,50,55,65,45
ゴチミル,エスパー,なし,60,45,70,75,85,55
ゴチルゼル,エスパー,なし,70,55,95,95,110,65
ユニラン,エスパー,なし,45,30,40,105,50,20
ダブラン,エスパー,なし,65,40,50,125,60,30
ランクルス,エスパー,なし,110,65,75,125,85,30
コアルヒー,みず,ひこう,62,44,50,44,50,55
スワンナ,みず,ひこう,75,87,63,87,63,98
バニプッチ,こおり,なし,36,50,50,65,60,44
バニリッチ,こおり,なし,51,65,65,80,75,59
バイバニラ,こおり,なし,71,95,85,110,95,79
シキジカ,ノーマル,くさ,60,60,50,40,50,75
メブキジカ,ノーマル,くさ,80,100,70,60,70,95
エモンガ,でんき,ひこう,55,75,60,75,60,103
カブルモ,むし,なし,50,75,45,40,45,60
シュバルゴ,むし,はがね,70,135,105,60,105,20
タマゲタケ,くさ,どく,69,55,45,55,55,15
モロバレル,くさ,どく,114,85,70,85,80,30
プルリル,みず,ゴースト,55,40,50,65,85,40
ブルンゲル,みず,ゴースト,100,60,70,85,105,60
ママンボウ,みず,なし,165,75,80,40,45,65
バチュル,むし,でんき,50,47,50,57,50,65
デンチュラ,むし,でんき,70,77,60,97,60,108
テッシード,くさ,はがね,44,50,91,24,86,10
ナットレイ,くさ,はがね,74,94,131,54,116,20
ギアル,はがね,なし,40,55,70,45,60,30
ギギアル,はがね,なし,60,80,95,70,85,50
ギギギアル,はがね,なし,60,100,115,70,85,90
シビシラス,でんき,なし,35,55,40,45,40,60
シビビール,でんき,なし,65,85,70,75,70,40
シビルドン,でんき,なし,85,115,80,105,80,50
リグレー,エスパー,なし,55,55,55,85,55,30
オーベム,エスパー,なし,75,75,75,125,95,40
ヒトモシ,ゴースト,ほのお,50,30,55,65,55,20
ランプラー,ゴースト,ほのお,60,40,60,95,60,55
シャンデラ,ゴースト,ほのお,60,55,90,145,90,80
キバゴ,ドラゴン,なし,46,87,60,30,40,57
オノンド,ドラゴン,なし,66,117,70,40,50,67
オノノクス,ドラゴン,なし,76,147,90,60,70,97
クマシュン,こおり,なし,55,70,40,60,40,40
ツンベアー,こおり,なし,95,130,80,70,80,50
フリージオ,こおり,なし,80,50,50,95,135,105
チョボマキ,むし,なし,50,40,85,40,65,25
アギルダー,むし,なし,80,70,40,100,60,145
マッギョ,じめん,でんき,109,66,84,81,99,32
コジョフー,かくとう,なし,45,85,50,55,50,65
コジョンド,かくとう,なし,65,125,60,95,60,105
クリムガン,ドラゴン,なし,77,120,90,60,90,48
ゴビット,じめん,ゴースト,59,74,50,35,50,35
ゴルーグ,じめん,ゴースト,89,124,80,55,80,55
コマタナ,あく,はがね,45,85,70,40,40,60
キリキザン,あく,はがね,65,125,100,60,70,70
バッフロン,ノーマル,なし,95,110,95,40,95,55
ワシボン,ノーマル,ひこう,70,83,50,37,50,60
ウォーグル,ノーマル,ひこう,100,123,75,57,75,80
バルチャイ,あく,ひこう,70,55,75,45,65,60
バルジーナ,あく,ひこう,110,65,105,55,95,80
クイタラン,ほのお,なし,85,97,66,105,66,65
アイアント,むし,はがね,58,109,112,48,48,109
モノズ,あく,ドラゴン,52,65,50,45,50,38
ジヘッド,あく,ドラゴン,72,85,70,65,70,58
サザンドラ,あく,ドラゴン,92,105,90,125,90,98
メラルバ,むし,ほのお,55,85,55,50,55,60
ウルガモス,むし,ほのお,85,60,65,135,105,100
コバルオン,はがね,かくとう,91,90,129,90,72,108
テラキオン,いわ,かくとう,91,129,90,72,90,108
ビリジオン,くさ,かくとう,91,90,72,90,129,108
トルネロス (けしんフォルム),ひこう,なし,79,115,70,125,80,111
ボルトロス (けしんフォルム),でんき,ひこう,79,115,70,125,80,111
レシラム,ドラゴン,ほのお,100,120,100,150,120,90
ゼクロム,ドラゴン,でんき,100,150,120,120,100,90
ランドロス (けしんフォルム),じめん,ひこう,89,125,90,115,80,101
キュレム (通常),ドラゴン,こおり,125,130,90,130,90,95
ケルディオ (いつものすがた),みず,かくとう,91,72,90,129,90,108
メロエッタ (ボイスフォルム),ノーマル,エスパー,100,77,77,128,128,90
ゲノセクト,むし,はがね,71,120,95,120,95,99
ハリマロン,くさ,なし,56,61,65,48,45,38
ハリボーグ,くさ,なし,61,78,95,56,58,57
ブリガロン,くさ,かくとう,88,107,122,74,75,64
フォッコ,ほのお,なし,40,45,40,62,60,60
テールナー,ほのお,なし,59,59,58,90,70,73
マフォクシー,ほのお,エスパー,75,69,72,114,100,104
ケロマツ,みず,なし,41,56,40,62,44,71
ゲコガシラ,みず,なし,54,63,52,83,56,97
ゲッコウガ (通常),みず,あく,72,95,67,103,71,122
ホルビー,ノーマル,なし,38,36,38,32,36,57
ホルード,ノーマル,じめん,85,56,77,50,77,78
ヤヤコマ,ノーマル,ひこう,45,50,43,40,38,62
ヒノヤコマ,ほのお,ひこう,62,73,55,56,52,84
ファイアロー,ほのお,ひこう,78,81,71,74,69,126
コフキムシ,むし,なし,38,35,40,27,25,35
コフーライ,むし,なし,45,22,60,27,30,29
ビビヨン,むし,ひこう,80,52,50,90,50,89
シシコ,ほのお,ノーマル,62,50,58,73,54,72
カエンジシ,ほのお,ノーマル,86,68,72,109,66,106
フラベベ,フェアリー,なし,44,38,39,61,79,42
フラエッテ,フェアリー,なし,54,45,47,75,98,52
フラージェス,フェアリー,なし,78,65,68,112,154,75
メェークル,くさ,なし,66,65,48,62,57,52
ゴーゴート,くさ,なし,123,100,62,97,81,68
ヤンチャム,かくとう,なし,67,82,62,46,48,43
ゴロンダ,かくとう,あく,95,124,78,69,71,58
トリミアン,ノーマル,なし,75,80,60,65,90,102
ニャスパー,エスパー,なし,62,48,54,63,60,68
ニャオニクス (オスの姿),エスパー,なし,74,48,76,83,81,104
ヒトツキ,はがね,ゴースト,45,80,100,35,37,28
ニダンギル,はがね,ゴースト,59,110,150,45,49,35
ギルガルド (シールドフォルム),はがね,ゴースト,60,50,150,50,150,60
シュシュプ,フェアリー,なし,78,52,60,63,65,23
フレフワン,フェアリー,なし,101,72,72,99,89,29
ペロッパフ,フェアリー,なし,62,48,66,59,57,49
ペロリーム,フェアリー,なし,82,80,86,85,75,72
マーイーカ,あく,エスパー,53,54,53,37,46,45
カラマネロ,あく,エスパー,86,92,88,68,75,73
カメテテ,いわ,みず,42,52,67,39,56,50
ガメノデス,いわ,みず,72,105,115,54,86,68
クズモー,どく,みず,50,60,60,60,60,30
ドラミドロ,どく,ドラゴン,65,75,90,97,123,44
ウデッポウ,みず,なし,50,53,62,58,63,44
ブロスター,みず,なし,71,73,88,120,89,59
エリキテル,でんき,ノーマル,44,38,33,61,43,70
エレザード,でんき,ノーマル,62,55,52,109,94,109
チゴラス,いわ,ドラゴン,58,89,77,45,45,48
ガチゴラス,いわ,ドラゴン,82,121,119,69,59,71
アマルス,いわ,こおり,77,59,50,67,63,46
アマルルガ,いわ,こおり,123,77,72,99,92,58
ニンフィア,フェアリー,なし,95,65,65,110,130,60
ルチャブル,かくとう,ひこう,78,92,75,74,63,118
デデンネ,でんき,フェアリー,67,58,57,81,67,101
メレシー,いわ,フェアリー,50,50,150,50,150,50
ヌメラ,ドラゴン,なし,45,50,35,55,75,40
ヌメイル,ドラゴン,なし,68,75,53,83,113,60
ヌメルゴン,ドラゴン,なし,90,100,70,110,150,80
クレッフィ,はがね,フェアリー,57,80,91,80,87,75
ボクレー,ゴースト,くさ,43,70,48,50,60,38
オーロット,ゴースト,くさ,85,110,76,65,82,56
バケッチャ (ふつうのサイズ),ゴースト,くさ,49,66,70,44,55,51
パンプジン (ふつうのサイズ),ゴースト,くさ,65,90,122,58,75,84
カチコール,こおり,なし,55,69,85,32,35,28
クレベース,こおり,なし,95,117,184,44,46,28
オンバット,ひこう,ドラゴン,40,30,35,45,40,55
オンバーン,ひこう,ドラゴン,85,70,80,97,80,123
ゼルネアス,フェアリー,なし,126,131,95,131,98,99
イベルタル,あく,ひこう,126,131,95,131,98,99
ジガルデ (50%フォルム),ドラゴン,じめん,108,100,121,81,95,95
ディアンシー,いわ,フェアリー,50,100,150,100,150,50
フーパ (いましめられしフーパ),エスパー,ゴースト,80,110,60,150,130,70
ボルケニオン,ほのお,みず,80,110,120,130,90,70
モクロー,くさ,ひこう,68,55,55,50,50,42
フクスロー,くさ,ひこう,78,75,75,70,70,52
ジュナイパー,くさ,ゴースト,78,107,75,100,100,70
ニャビー,ほのお,なし,45,65,40,60,40,70
ニャヒート,ほのお,なし,65,85,50,80,50,90
ガオガエン,ほのお,あく,95,115,90,80,90,60
アシマリ,みず,なし,50,54,54,66,56,40
オシャマリ,みず,なし,60,69,69,91,81,50
アシレーヌ,みず,フェアリー,80,74,74,126,116,60
ツツケラ,ノーマル,ひこう,35,75,30,30,30,65
ケララッパ,ノーマル,ひこう,55,85,50,40,50,75
ドデカバシ,ノーマル,ひこう,80,120,75,75,75,60
ヤングース,ノーマル,なし,48,70,30,30,30,45
デカグース,ノーマル,なし,88,110,60,55,60,45
アゴジムシ,むし,なし,47,62,45,55,45,46
デンヂムシ,むし,でんき,57,82,95,55,75,36
クワガノン,むし,でんき,77,70,90,145,75,43
マケンカニ,かくとう,なし,47,82,57,42,47,63
ケケンカニ,かくとう,こおり,97,132,77,62,67,43
オドリドリ (めらめらスタイル),ほのお,ひこう,75,70,70,98,70,93
アブリー,むし,フェアリー,40,45,40,55,40,84
アブリボン,むし,フェアリー,60,55,60,95,70,124
イワンコ,いわ,なし,45,65,40,30,40,60
ルガルガン (まひるのすがた),いわ,なし,75,115,65,55,65,112
ヨワシ (たんどくのすがた),みず,なし,45,20,20,25,25,40
ヒドイデ,どく,みず,50,53,62,43,52,45
ドヒドイデ,どく,みず,50,63,152,53,142,35
ドロバンコ,じめん,なし,70,100,70,45,55,45
バンバドロ,じめん,なし,100,125,100,55,85,35
シズクモ,みず,むし,38,40,52,40,72,27
オニシズクモ,みず,むし,68,70,92,50,132,42
カリキリ,くさ,なし,40,55,35,50,35,35
ラランテス,くさ,なし,70,105,90,80,90,45
ネマシュ,くさ,フェアリー,40,35,55,65,75,15
マシェード,くさ,フェアリー,60,45,80,90,100,30
ヤトウモリ,どく,ほのお,48,44,40,71,40,77
エンニュート,どく,ほのお,68,64,60,111,60,117
ヌイコグマ,ノーマル,かくとう,70,75,50,45,50,50
キテルグマ,ノーマル,かくとう,120,125,80,55,60,60
アマカジ,くさ,なし,42,30,38,30,38,32
アママイコ,くさ,なし,52,40,48,40,48,62
アマージョ,くさ,なし,72,120,98,50,98,72
キュワワー,フェアリー,なし,51,52,90,82,110,100
ヤレユータン,ノーマル,エスパー,90,60,80,90,110,60
ナゲツケサル,かくとう,なし,100,120,90,40,60,80
コソクムシ,むし,みず,25,35,40,20,30,80
グソクムシャ,むし,みず,75,125,140,60,90,40
スナバァ,ゴースト,じめん,55,55,80,70,45,15
シロデスナ,ゴースト,じめん,85,75,110,100,75,35
ナマコブシ,みず,なし,55,60,130,30,130,5
タイプ：ヌル(タイプヌル),ノーマル,なし,95,95,95,95,95,59
シルヴァディ,ノーマル,なし,95,95,95,95,95,95
メテノ (りゅうせいのすがた),いわ,ひこう,60,60,100,60,100,60
ネッコアラ,ノーマル,なし,65,115,65,75,95,65
バクガメス,ほのお,ドラゴン,60,78,135,91,85,36
トゲデマル,でんき,はがね,65,98,63,40,73,96
ミミッキュ,ゴースト,フェアリー,55,90,80,50,105,96
ハギギシリ,みず,エスパー,68,105,70,70,70,92
ジジーロン,ノーマル,ドラゴン,78,60,85,135,91,36
ダダリン,ゴースト,くさ,70,131,100,86,90,40
ジャラコ,ドラゴン,なし,45,55,65,45,45,45
ジャランゴ,ドラゴン,かくとう,55,75,90,65,70,65
ジャラランガ,ドラゴン,かくとう,75,110,125,100,105,85
カプ・コケコ(カプコケコ),でんき,フェアリー,70,115,85,95,75,130
カプ・テテフ(カプテテフ),エスパー,フェアリー,70,85,75,130,115,95
カプ・ブルル(カプブルル),くさ,フェアリー,70,130,115,85,95,75
カプ・レヒレ(カプレヒレ),みず,フェアリー,70,75,115,95,130,85
コスモッグ,エスパー,なし,43,29,31,29,31,37
コスモウム,エスパー,なし,43,29,131,29,131,37
ソルガレオ,エスパー,はがね,137,137,107,113,89,97
ルナアーラ,エスパー,ゴースト,137,113,89,137,107,97
ウツロイド,いわ,どく,109,53,47,127,131,103
マッシブーン,むし,かくとう,107,139,139,53,53,79
フェローチェ,むし,かくとう,71,137,37,137,37,151
デンジュモク,でんき,なし,83,89,71,173,71,83
テッカグヤ,はがね,ひこう,97,101,103,107,101,61
カミツルギ,くさ,はがね,59,181,131,59,31,109
アクジキング,あく,ドラゴン,223,101,53,97,53,43
ネクロズマ (通常),エスパー,なし,97,107,101,127,89,79
マギアナ,はがね,フェアリー,80,95,115,130,115,65
マーシャドー,かくとう,ゴースト,90,125,80,90,90,125
ベベノム,どく,なし,67,73,67,73,67,73
アーゴヨン,どく,ドラゴン,73,73,73,127,73,121
ツンデツンデ,いわ,はがね,61,131,211,53,101,13
ズガドーン,ほのお,ゴースト,53,127,53,151,79,107
